<?xml version="1.0" encoding="UTF-8" standalone="yes"?>
<addon id="plugin.video.rodina.tv" name="[COLOR FF23a0e3]Rodina.TV[/COLOR]" version="3.0.6" provider-name="Rodina TV">
  <requires>
    <import addon="xbmc.python" version="2.1.0"/>
    <import addon="script.service.rodina.tv" version="2.0.1"/>
  </requires>
  <extension point="xbmc.python.pluginsource"  provides="video" library="default.py"><provides>video</provides></extension>
  <extension point="xbmc.addon.metadata">
    <summary>Rodina.TV – Новости, кино, музыка, спортивные трансляции, кинозал, архив программ за 2 недели.</summary>
    <description>Rodina.TV – это качественное русскоязычное и интернациональное интернет телевидение в любой точке земного шара. Спортивные трансляции, кино, новости, музыка.
Сервис ТВ онлайн позволяет смотреть эфирные русскоязычные и другие каналы, пользоваться онлайн кинозалом со множеством новинок и киноклассикой. В вашем распоряжении архив программ за  2 недели, а также функция тайм-шифт.</description>
    <platform>all</platform>
  </extension>
</addon>
