<?xml version="1.0" encoding="UTF-8" standalone="yes"?>
<addon id="plugin.video.kaban.tva" name="[COLOR FFE55BB0]Kaban.TVA[/COLOR]" version="0.7.1" provider-name="Silhouette">
  <requires><import addon="xbmc.python" version="2.1.0"/></requires>
  <extension point="xbmc.python.pluginsource"  provides="video" library="default.py"><provides>video</provides></extension>
  <extension point="xbmc.addon.metadata">
    <summary>Archives from http://kaban.tv/</summary>
    <description>Archives from http://kaban.tv/</description>
    <platform>all</platform>
  </extension>
</addon>
