<?xml version="1.0" encoding="UTF-8" standalone="yes"?>
<addon id="repository.silhouette" name="Silhouette XBMC Add-ons" version="2.0.2" provider-name="Silhouette">
	<extension point="xbmc.addon.repository" name="Silhouette XBMC Add-ons">
		<info compressed="false">https://github.com/silhouette2022/kodi/raw/master/addons.xml</info>
		<checksum>https://github.com/silhouette2022/kodi/raw/master/addons.xml.md5</checksum>
		<datadir zip="false">https://github.com/silhouette2022/kodi/raw/master/</datadir>
	</extension>
	<extension point="xbmc.addon.metadata">
		<summary>Install Add-ons from Silhouette Add-on Repository</summary>
		<description>Plug-ins for Kodi</description>
		<disclaimer>add-ons for home usage in Kodi</disclaimer>
		<platform>all</platform>
	</extension>
</addon>
