<?xml version="1.0" encoding="UTF-8" standalone="yes"?>
<addon id="repository.silhouette.matrix" name="Silhouette Kodi Matrix Add-ons" version="1.0.0" provider-name="Silhouette">
	<extension point="xbmc.addon.repository" name="Silhouette Kodi Matrix Add-ons">
		<info compressed="false">https://raw.githubusercontent.com/silhouette2022/kodi.matrix/master/addons.xml</info>
		<checksum>https://raw.githubusercontent.com/silhouette2022/kodi.matrix/master/addons.xml.md5</checksum>
		<datadir zip="true">https://raw.githubusercontent.com/silhouette2022/kodi.matrix/master/repo</datadir>
	</extension>
	<extension point="xbmc.addon.metadata">
		<summary>Add-ons for Kodi starting from Matrix rev</summary>
		<description>Дополнения для Коди начиная с версии Матрица</description>
		<disclaimer>For home usage only</disclaimer>
		<platform>all</platform>
	</extension>
</addon>
