<?xml version="1.0" encoding="UTF-8" standalone="yes"?>
<addon id="plugin.video.kinoha.tv" name="[COLOR FFcFFF48]KinoHa.TV[/COLOR]" version="0.0.3" provider-name="Silhouette">
  <requires>
    <import addon="xbmc.python" version="2.1.0"/>
    <import addon="script.module.requests" version="2.12.4"/>
    <import addon="script.module.xbmc.helpers" version="2.0.0"/>
    <import addon="script.module.videohosts" version="1.0.0"/>
    <import addon="script.module.beautifulsoup" version="3.0.8"/>
    <import addon="script.module.html5lib" version="0.999.0"/>
    <import addon="plugin.video.youtube" version="3.0.0" optional="true"/>    
  </requires>
  <extension point="xbmc.python.pluginsource"  provides="video" library="default.py"><provides>video</provides></extension>
  <extension point="xbmc.addon.metadata">
    <summary>Только лучшие фильмы совершенно бесплатно в нашем онлайн кинотеатре Киноха!</summary>
    <description>Только лучшие фильмы совершенно бесплатно в нашем онлайн кинотеатре Киноха!</description>
    <platform>all</platform>
  </extension>
</addon>
