<?xml version="1.0" encoding="UTF-8" standalone="yes"?>
<addon id="plugin.video.rutube.deti" name="RuTube.Детям" version="0.2.1" provider-name="Silhouette">
  <requires>
    <import addon="xbmc.python" version="2.1.0"/>
  </requires>
  <extension point="xbmc.python.pluginsource"  provides="video" library="default.py"><provides>video</provides></extension>
  <extension point="xbmc.addon.metadata">
    <summary>Видео, мультфильмы  от RuTube.Детям</summary>
    <description>Видео, мультфильмы  от RuTube.Детям</description>
    <platform>all</platform>
  </extension>
</addon>
