<?xml version="1.0" encoding="UTF-8" standalone="yes"?>
<addon id="plugin.video.new-kino.net" name="[COLOR FF37C6FD]New-Kino.net[/COLOR]" version="0.7.4" provider-name="Silhouette">
  <requires>
    <import addon="xbmc.python" version="2.1.0"/>
    <import addon="script.module.beautifulsoup" version="3.0.8"/>
  </requires>
  <extension point="xbmc.python.pluginsource"  provides="video" library="default.py"><provides>video</provides></extension>
  <extension point="xbmc.addon.metadata">
    <summary>new-kino.net - фильмы, мультфильмы, сериалы</summary>
    <description>new-kino.net - фильмы, мультфильмы, сериалы - круглосуточно на нашем сайте, смотрите, наслаждайтесь и отдыхайте</description>
    <platform>all</platform>
  </extension>
</addon>
