<?xml version="1.0" encoding="UTF-8" standalone="yes"?>
<addon id="plugin.video.jevons.sx" name="Футбольные обзоры" version="0.3.1" provider-name="Silhouette">
  <requires>
    <import addon="xbmc.python" version="2.1.0"/>
    <import addon="script.module.beautifulsoup" version="3.0.8"/>
  </requires>
  <extension point="xbmc.python.pluginsource"  provides="video" library="default.py"><provides>video</provides></extension>
  <extension point="xbmc.addon.metadata">
    <summary>Футбольные обзоры from Jevons.ru, RFPL.me and Pressball.by</summary>
    <description>Футбольные обзоры from Jevons.ru, RFPL.me and Pressball.by</description>
    <platform>all</platform>
  </extension>
</addon>
