<?xml version="1.0" encoding="UTF-8" standalone="yes"?>
<addon id="plugin.video.gamak.tva" name="[COLOR FFECFAFF]Gamak.TVA[/COLOR]" version="0.0.1" provider-name="Silhouette">
  <requires><import addon="xbmc.python" version="2.1.0"/></requires>
  <extension point="xbmc.python.pluginsource"  provides="video" library="default.py"><provides>video</provides></extension>
  <extension point="xbmc.addon.metadata">
    <summary>Live TV and Archives from www.gamak.tv</summary>
    <description>Live TV and Archives from www.gamak.tv</description>
    <platform>all</platform>
  </extension>
</addon>
