<?xml version="1.0" encoding="UTF-8" standalone="yes"?>
<addon id="script.pvr.reset"
       name="PVR service reset script"
       version="1.0.0"
       provider-name="Silhouette2022">
  <requires>
    <import addon="xbmc.python" version="2.1.0"/>
  </requires>
  <extension point="xbmc.addon.metadata">
    <summary>PVR service reset script</summary>
    <description>Reset PVR service after Kodi start up with specified delay</description>
    <platform>all</platform>
  </extension>
  <extension point='xbmc.service' library='reset.py'>
  </extension>
</addon>
